filename,anomaly_score
section_00_source_test_anomaly_0000_.wav,0.0013624764
section_00_source_test_anomaly_0001_.wav,0.0008522207
section_00_source_test_anomaly_0002_.wav,0.0012142545
section_00_source_test_anomaly_0003_.wav,0.0013446242
section_00_source_test_anomaly_0004_.wav,0.0011027656
section_00_source_test_anomaly_0005_.wav,0.0012552722
section_00_source_test_anomaly_0006_.wav,0.0010553855
section_00_source_test_anomaly_0007_.wav,0.0008742108
section_00_source_test_anomaly_0008_.wav,0.0010710327
section_00_source_test_anomaly_0009_.wav,0.0011398677
section_00_source_test_anomaly_0010_.wav,0.0013255612
section_00_source_test_anomaly_0011_.wav,0.00093660667
section_00_source_test_anomaly_0012_.wav,0.0011468352
section_00_source_test_anomaly_0013_.wav,0.0013496502
section_00_source_test_anomaly_0014_.wav,0.0013540315
section_00_source_test_anomaly_0015_.wav,0.0011290708
section_00_source_test_anomaly_0016_.wav,0.0009154458
section_00_source_test_anomaly_0017_.wav,0.0015547794
section_00_source_test_anomaly_0018_.wav,0.0008632832
section_00_source_test_anomaly_0019_.wav,0.001276892
section_00_source_test_anomaly_0020_.wav,0.0011115037
section_00_source_test_anomaly_0021_.wav,0.0013063762
section_00_source_test_anomaly_0022_.wav,0.0008259028
section_00_source_test_anomaly_0023_.wav,0.0011537555
section_00_source_test_anomaly_0024_.wav,0.0009335653
section_00_source_test_anomaly_0025_.wav,0.0010354422
section_00_source_test_anomaly_0026_.wav,0.00074480125
section_00_source_test_anomaly_0027_.wav,0.0011966669
section_00_source_test_anomaly_0028_.wav,0.0012796026
section_00_source_test_anomaly_0029_.wav,0.0012736366
section_00_source_test_anomaly_0030_.wav,0.0010405844
section_00_source_test_anomaly_0031_.wav,0.001246936
section_00_source_test_anomaly_0032_.wav,0.0013043477
section_00_source_test_anomaly_0033_.wav,0.0009288583
section_00_source_test_anomaly_0034_.wav,0.0013323461
section_00_source_test_anomaly_0035_.wav,0.0013476472
section_00_source_test_anomaly_0036_.wav,0.0011911541
section_00_source_test_anomaly_0037_.wav,0.0012842825
section_00_source_test_anomaly_0038_.wav,0.0009734796
section_00_source_test_anomaly_0039_.wav,0.0008551334
section_00_source_test_anomaly_0040_.wav,0.0012745716
section_00_source_test_anomaly_0041_.wav,0.0011637112
section_00_source_test_anomaly_0042_.wav,0.0011122829
section_00_source_test_anomaly_0043_.wav,0.0010788799
section_00_source_test_anomaly_0044_.wav,0.001064919
section_00_source_test_anomaly_0045_.wav,0.0013027973
section_00_source_test_anomaly_0046_.wav,0.0012320392
section_00_source_test_anomaly_0047_.wav,0.0010403816
section_00_source_test_anomaly_0048_.wav,0.00097230385
section_00_source_test_anomaly_0049_.wav,0.0010680914
section_00_source_test_anomaly_0050_.wav,0.0013757074
section_00_source_test_anomaly_0051_.wav,0.0012667576
section_00_source_test_anomaly_0052_.wav,0.001155663
section_00_source_test_anomaly_0053_.wav,0.0008153857
section_00_source_test_anomaly_0054_.wav,0.001370761
section_00_source_test_anomaly_0055_.wav,0.0008924992
section_00_source_test_anomaly_0056_.wav,0.00074329134
section_00_source_test_anomaly_0057_.wav,0.0011382346
section_00_source_test_anomaly_0058_.wav,0.0008145479
section_00_source_test_anomaly_0059_.wav,0.0010896309
section_00_source_test_anomaly_0060_.wav,0.00133814
section_00_source_test_anomaly_0061_.wav,0.0009189186
section_00_source_test_anomaly_0062_.wav,0.0010418373
section_00_source_test_anomaly_0063_.wav,0.00087683485
section_00_source_test_anomaly_0064_.wav,0.0013061832
section_00_source_test_anomaly_0065_.wav,0.0012896284
section_00_source_test_anomaly_0066_.wav,0.0013160119
section_00_source_test_anomaly_0067_.wav,0.0011393526
section_00_source_test_anomaly_0068_.wav,0.0011694
section_00_source_test_anomaly_0069_.wav,0.0013049267
section_00_source_test_anomaly_0070_.wav,0.0012140635
section_00_source_test_anomaly_0071_.wav,0.0011243162
section_00_source_test_anomaly_0072_.wav,0.0012985042
section_00_source_test_anomaly_0073_.wav,0.0011217495
section_00_source_test_anomaly_0074_.wav,0.000781627
section_00_source_test_anomaly_0075_.wav,0.00084260997
section_00_source_test_anomaly_0076_.wav,0.0011697263
section_00_source_test_anomaly_0077_.wav,0.0011127751
section_00_source_test_anomaly_0078_.wav,0.0010891014
section_00_source_test_anomaly_0079_.wav,0.0013032168
section_00_source_test_anomaly_0080_.wav,0.0012615864
section_00_source_test_anomaly_0081_.wav,0.0007294227
section_00_source_test_anomaly_0082_.wav,0.0008862126
section_00_source_test_anomaly_0083_.wav,0.0009346858
section_00_source_test_anomaly_0084_.wav,0.0012036047
section_00_source_test_anomaly_0085_.wav,0.0010442208
section_00_source_test_anomaly_0086_.wav,0.0009101939
section_00_source_test_anomaly_0087_.wav,0.001236407
section_00_source_test_anomaly_0088_.wav,0.0012571075
section_00_source_test_anomaly_0089_.wav,0.0008461375
section_00_source_test_anomaly_0090_.wav,0.0012921963
section_00_source_test_anomaly_0091_.wav,0.00084737624
section_00_source_test_anomaly_0092_.wav,0.0007312291
section_00_source_test_anomaly_0093_.wav,0.0010891184
section_00_source_test_anomaly_0094_.wav,0.0010029104
section_00_source_test_anomaly_0095_.wav,0.0011021687
section_00_source_test_anomaly_0096_.wav,0.0009924272
section_00_source_test_anomaly_0097_.wav,0.0010727642
section_00_source_test_anomaly_0098_.wav,0.0010220843
section_00_source_test_anomaly_0099_.wav,0.0010557361
section_00_source_test_anomaly_0100_.wav,0.0009380229
section_00_source_test_anomaly_0101_.wav,0.0013019321
section_00_source_test_anomaly_0102_.wav,0.0014464214
section_00_source_test_anomaly_0103_.wav,0.0015926646
section_00_source_test_anomaly_0104_.wav,0.0011452469
section_00_source_test_anomaly_0105_.wav,0.0009170208
section_00_source_test_anomaly_0106_.wav,0.001050638
section_00_source_test_anomaly_0107_.wav,0.0011290942
section_00_source_test_anomaly_0108_.wav,0.0011025796
section_00_source_test_anomaly_0109_.wav,0.0010835895
section_00_source_test_anomaly_0110_.wav,0.0009708244
section_00_source_test_anomaly_0111_.wav,0.0010659144
section_00_source_test_anomaly_0112_.wav,0.00079799537
section_00_source_test_anomaly_0113_.wav,0.0012305926
section_00_source_test_anomaly_0114_.wav,0.0011122171
section_00_source_test_anomaly_0115_.wav,0.00093951396
section_00_source_test_anomaly_0116_.wav,0.0012779026
section_00_source_test_anomaly_0117_.wav,0.00074031827
section_00_source_test_anomaly_0118_.wav,0.0010410096
section_00_source_test_anomaly_0119_.wav,0.0012592297
section_00_source_test_anomaly_0120_.wav,0.0012842214
section_00_source_test_anomaly_0121_.wav,0.00087336614
section_00_source_test_anomaly_0122_.wav,0.00080171507
section_00_source_test_anomaly_0123_.wav,0.0013071509
section_00_source_test_anomaly_0124_.wav,0.0008753703
section_00_source_test_anomaly_0125_.wav,0.00106516
section_00_source_test_anomaly_0126_.wav,0.0010415033
section_00_source_test_anomaly_0127_.wav,0.0011638768
section_00_source_test_anomaly_0128_.wav,0.0011195125
section_00_source_test_anomaly_0129_.wav,0.0012406794
section_00_source_test_anomaly_0130_.wav,0.0010173352
section_00_source_test_anomaly_0131_.wav,0.0009273242
section_00_source_test_anomaly_0132_.wav,0.0011794711
section_00_source_test_anomaly_0133_.wav,0.0012373179
section_00_source_test_anomaly_0134_.wav,0.0010988119
section_00_source_test_anomaly_0135_.wav,0.0011689966
section_00_source_test_anomaly_0136_.wav,0.00073245587
section_00_source_test_anomaly_0137_.wav,0.0010248176
section_00_source_test_anomaly_0138_.wav,0.0011905105
section_00_source_test_anomaly_0139_.wav,0.0012554537
section_00_source_test_anomaly_0140_.wav,0.0010761896
section_00_source_test_anomaly_0141_.wav,0.0008548582
section_00_source_test_anomaly_0142_.wav,0.0008810175
section_00_source_test_anomaly_0143_.wav,0.0014028624
section_00_source_test_anomaly_0144_.wav,0.0012715167
section_00_source_test_anomaly_0145_.wav,0.00089596334
section_00_source_test_anomaly_0146_.wav,0.0008814847
section_00_source_test_anomaly_0147_.wav,0.00096135464
section_00_source_test_anomaly_0148_.wav,0.0008118457
section_00_source_test_anomaly_0149_.wav,0.00086591823
section_00_source_test_anomaly_0150_.wav,0.00087522797
section_00_source_test_anomaly_0151_.wav,0.0012386473
section_00_source_test_anomaly_0152_.wav,0.00083732815
section_00_source_test_anomaly_0153_.wav,0.0010517219
section_00_source_test_anomaly_0154_.wav,0.0008157763
section_00_source_test_anomaly_0155_.wav,0.0012397114
section_00_source_test_anomaly_0156_.wav,0.00077251
section_00_source_test_anomaly_0157_.wav,0.00084137585
section_00_source_test_anomaly_0158_.wav,0.00073103036
section_00_source_test_anomaly_0159_.wav,0.00096513954
section_00_source_test_anomaly_0160_.wav,0.0007443563
section_00_source_test_anomaly_0161_.wav,0.00074142154
section_00_source_test_anomaly_0162_.wav,0.00084422523
section_00_source_test_anomaly_0163_.wav,0.0009906213
section_00_source_test_anomaly_0164_.wav,0.0010751024
section_00_source_test_anomaly_0165_.wav,0.00085274305
section_00_source_test_anomaly_0166_.wav,0.0008445851
section_00_source_test_anomaly_0167_.wav,0.00097410963
section_00_source_test_anomaly_0168_.wav,0.0008753707
section_00_source_test_anomaly_0169_.wav,0.0012878668
section_00_source_test_anomaly_0170_.wav,0.0009098021
section_00_source_test_anomaly_0171_.wav,0.0008296968
section_00_source_test_anomaly_0172_.wav,0.000742463
section_00_source_test_anomaly_0173_.wav,0.001229524
section_00_source_test_anomaly_0174_.wav,0.0008485088
section_00_source_test_anomaly_0175_.wav,0.00095191266
section_00_source_test_anomaly_0176_.wav,0.0012625183
section_00_source_test_anomaly_0177_.wav,0.0008324213
section_00_source_test_anomaly_0178_.wav,0.00096984516
section_00_source_test_anomaly_0179_.wav,0.0010662294
section_00_source_test_anomaly_0180_.wav,0.0009387893
section_00_source_test_anomaly_0181_.wav,0.0008491581
section_00_source_test_anomaly_0182_.wav,0.0007811112
section_00_source_test_anomaly_0183_.wav,0.0007731458
section_00_source_test_anomaly_0184_.wav,0.000744743
section_00_source_test_anomaly_0185_.wav,0.001275225
section_00_source_test_anomaly_0186_.wav,0.001067905
section_00_source_test_anomaly_0187_.wav,0.0009168191
section_00_source_test_anomaly_0188_.wav,0.0009591659
section_00_source_test_anomaly_0189_.wav,0.0010368614
section_00_source_test_anomaly_0190_.wav,0.0007493893
section_00_source_test_anomaly_0191_.wav,0.0009753278
section_00_source_test_anomaly_0192_.wav,0.0007257799
section_00_source_test_anomaly_0193_.wav,0.0013912697
section_00_source_test_anomaly_0194_.wav,0.000916936
section_00_source_test_anomaly_0195_.wav,0.0008923495
section_00_source_test_anomaly_0196_.wav,0.0011640295
section_00_source_test_anomaly_0197_.wav,0.0009249275
section_00_source_test_anomaly_0198_.wav,0.0011186817
section_00_source_test_anomaly_0199_.wav,0.0011816635
section_00_source_test_anomaly_0200_.wav,0.0012796833
section_00_source_test_anomaly_0201_.wav,0.0010908413
section_00_source_test_anomaly_0202_.wav,0.0007706202
section_00_source_test_anomaly_0203_.wav,0.000996408
section_00_source_test_anomaly_0204_.wav,0.0012781839
section_00_source_test_anomaly_0205_.wav,0.001436366
section_00_source_test_anomaly_0206_.wav,0.0011684402
section_00_source_test_anomaly_0207_.wav,0.00086280727
section_00_source_test_anomaly_0208_.wav,0.0011898684
section_00_source_test_anomaly_0209_.wav,0.0007421843
section_00_source_test_anomaly_0210_.wav,0.0007450575
section_00_source_test_anomaly_0211_.wav,0.0012802
section_00_source_test_anomaly_0212_.wav,0.00080797105
section_00_source_test_anomaly_0213_.wav,0.0009637926
section_00_source_test_anomaly_0214_.wav,0.0009456941
section_00_source_test_anomaly_0215_.wav,0.00075979327
section_00_source_test_anomaly_0216_.wav,0.0007916149
section_00_source_test_anomaly_0217_.wav,0.0011485214
section_00_source_test_anomaly_0218_.wav,0.00085701456
section_00_source_test_anomaly_0219_.wav,0.00087382656
section_00_source_test_anomaly_0220_.wav,0.0010056577
section_00_source_test_anomaly_0221_.wav,0.0012296749
section_00_source_test_anomaly_0222_.wav,0.001070002
section_00_source_test_anomaly_0223_.wav,0.0009685401
section_00_source_test_anomaly_0224_.wav,0.00079957396
section_00_source_test_anomaly_0225_.wav,0.0011439547
section_00_source_test_anomaly_0226_.wav,0.00090889365
section_00_source_test_anomaly_0227_.wav,0.000765563
section_00_source_test_anomaly_0228_.wav,0.0008855873
section_00_source_test_anomaly_0229_.wav,0.0007664729
section_00_source_test_anomaly_0230_.wav,0.0010566611
section_00_source_test_anomaly_0231_.wav,0.0007807125
section_00_source_test_anomaly_0232_.wav,0.001295906
section_00_source_test_anomaly_0233_.wav,0.00080968847
section_00_source_test_anomaly_0234_.wav,0.0009900652
section_00_source_test_anomaly_0235_.wav,0.0012114221
section_00_source_test_anomaly_0236_.wav,0.00097238313
section_00_source_test_anomaly_0237_.wav,0.0009561151
section_00_source_test_anomaly_0238_.wav,0.00073925086
section_00_source_test_anomaly_0239_.wav,0.0011193748
section_00_source_test_anomaly_0240_.wav,0.0012103248
section_00_source_test_anomaly_0241_.wav,0.0009424673
section_00_source_test_anomaly_0242_.wav,0.0013476484
section_00_source_test_anomaly_0243_.wav,0.0008595846
section_00_source_test_anomaly_0244_.wav,0.0008959205
section_00_source_test_anomaly_0245_.wav,0.0009047362
section_00_source_test_anomaly_0246_.wav,0.0007894039
section_00_source_test_anomaly_0247_.wav,0.0012119688
section_00_source_test_anomaly_0248_.wav,0.0008641149
section_00_source_test_anomaly_0249_.wav,0.0010966996
section_00_source_test_anomaly_0250_.wav,0.0010992911
section_00_source_test_anomaly_0251_.wav,0.0008029577
section_00_source_test_anomaly_0252_.wav,0.001170803
section_00_source_test_anomaly_0253_.wav,0.0009595632
section_00_source_test_anomaly_0254_.wav,0.0011496991
section_00_source_test_anomaly_0255_.wav,0.00079918414
section_00_source_test_anomaly_0256_.wav,0.0008134133
section_00_source_test_anomaly_0257_.wav,0.0010019781
section_00_source_test_anomaly_0258_.wav,0.0009463585
section_00_source_test_anomaly_0259_.wav,0.0010515223
section_00_source_test_anomaly_0260_.wav,0.0010204
section_00_source_test_anomaly_0261_.wav,0.001032469
section_00_source_test_anomaly_0262_.wav,0.0010046344
section_00_source_test_anomaly_0263_.wav,0.0007915378
section_00_source_test_anomaly_0264_.wav,0.0010741517
section_00_source_test_anomaly_0265_.wav,0.0009012156
section_00_source_test_anomaly_0266_.wav,0.0011002462
section_00_source_test_anomaly_0267_.wav,0.0008860792
section_00_source_test_anomaly_0268_.wav,0.001002898
section_00_source_test_anomaly_0269_.wav,0.0008569912
section_00_source_test_anomaly_0270_.wav,0.0007561661
section_00_source_test_anomaly_0271_.wav,0.0008006676
section_00_source_test_anomaly_0272_.wav,0.0009856025
section_00_source_test_anomaly_0273_.wav,0.0010401084
section_00_source_test_anomaly_0274_.wav,0.00082149927
section_00_source_test_anomaly_0275_.wav,0.00075480953
section_00_source_test_anomaly_0276_.wav,0.0009897453
section_00_source_test_anomaly_0277_.wav,0.0009954224
section_00_source_test_anomaly_0278_.wav,0.0010649139
section_00_source_test_anomaly_0279_.wav,0.0010105284
section_00_source_test_anomaly_0280_.wav,0.00078382494
section_00_source_test_anomaly_0281_.wav,0.0008929144
section_00_source_test_anomaly_0282_.wav,0.00080028706
section_00_source_test_anomaly_0283_.wav,0.0008188274
section_00_source_test_anomaly_0284_.wav,0.0007586014
section_00_source_test_anomaly_0285_.wav,0.00088130496
section_00_source_test_anomaly_0286_.wav,0.0008680928
section_00_source_test_anomaly_0287_.wav,0.0008829655
section_00_source_test_anomaly_0288_.wav,0.0010269122
section_00_source_test_anomaly_0289_.wav,0.0007935107
section_00_source_test_anomaly_0290_.wav,0.00096980133
section_00_source_test_anomaly_0291_.wav,0.0008258
section_00_source_test_anomaly_0292_.wav,0.0009351889
section_00_source_test_anomaly_0293_.wav,0.0009471505
section_00_source_test_anomaly_0294_.wav,0.0010481788
section_00_source_test_anomaly_0295_.wav,0.0009071502
section_00_source_test_anomaly_0296_.wav,0.0009383872
section_00_source_test_anomaly_0297_.wav,0.00091508095
section_00_source_test_anomaly_0298_.wav,0.00074928405
section_00_source_test_anomaly_0299_.wav,0.0010788736
section_00_source_test_anomaly_0300_.wav,0.00077604054
section_00_source_test_anomaly_0301_.wav,0.00088794343
section_00_source_test_anomaly_0302_.wav,0.0010492068
section_00_source_test_anomaly_0303_.wav,0.00106845
section_00_source_test_anomaly_0304_.wav,0.0012457238
section_00_source_test_anomaly_0305_.wav,0.0009449762
section_00_source_test_anomaly_0306_.wav,0.000937572
section_00_source_test_anomaly_0307_.wav,0.0010523474
section_00_source_test_anomaly_0308_.wav,0.000891715
section_00_source_test_anomaly_0309_.wav,0.0009475044
section_00_source_test_anomaly_0310_.wav,0.0010143181
section_00_source_test_anomaly_0311_.wav,0.0007573942
section_00_source_test_anomaly_0312_.wav,0.0010995325
section_00_source_test_anomaly_0313_.wav,0.0008679629
section_00_source_test_anomaly_0314_.wav,0.00088676315
section_00_source_test_anomaly_0315_.wav,0.0011326873
section_00_source_test_anomaly_0316_.wav,0.0008667993
section_00_source_test_anomaly_0317_.wav,0.0010457813
section_00_source_test_anomaly_0318_.wav,0.00091026287
section_00_source_test_anomaly_0319_.wav,0.0009745055
section_00_source_test_anomaly_0320_.wav,0.000739927
section_00_source_test_anomaly_0321_.wav,0.000888209
section_00_source_test_anomaly_0322_.wav,0.0009491893
section_00_source_test_anomaly_0323_.wav,0.0007830779
section_00_source_test_anomaly_0324_.wav,0.0009954743
section_00_source_test_anomaly_0325_.wav,0.00077049225
section_00_source_test_anomaly_0326_.wav,0.0009763543
section_00_source_test_anomaly_0327_.wav,0.0009110867
section_00_source_test_anomaly_0328_.wav,0.0015173133
section_00_source_test_anomaly_0329_.wav,0.00085996557
section_00_source_test_anomaly_0330_.wav,0.000889156
section_00_source_test_anomaly_0331_.wav,0.0008804944
section_00_source_test_anomaly_0332_.wav,0.000931842
section_00_source_test_anomaly_0333_.wav,0.0010533467
section_00_source_test_anomaly_0334_.wav,0.000906749
section_00_source_test_anomaly_0335_.wav,0.0007568339
section_00_source_test_anomaly_0336_.wav,0.00087362673
section_00_source_test_anomaly_0337_.wav,0.00078898936
section_00_source_test_anomaly_0338_.wav,0.00080827315
section_00_source_test_anomaly_0339_.wav,0.0009111512
section_00_source_test_anomaly_0340_.wav,0.000990184
section_00_source_test_anomaly_0341_.wav,0.0009608989
section_00_source_test_anomaly_0342_.wav,0.0009768808
section_00_source_test_anomaly_0343_.wav,0.0007560692
section_00_source_test_anomaly_0344_.wav,0.0009441192
section_00_source_test_anomaly_0345_.wav,0.00096611516
section_00_source_test_anomaly_0346_.wav,0.0010634789
section_00_source_test_anomaly_0347_.wav,0.0011118177
section_00_source_test_anomaly_0348_.wav,0.00094327354
section_00_source_test_anomaly_0349_.wav,0.001096318
section_00_source_test_anomaly_0350_.wav,0.0012292417
section_00_source_test_anomaly_0351_.wav,0.00091053266
section_00_source_test_anomaly_0352_.wav,0.0011376335
section_00_source_test_anomaly_0353_.wav,0.0009884803
section_00_source_test_anomaly_0354_.wav,0.00079095084
section_00_source_test_anomaly_0355_.wav,0.00082869444
section_00_source_test_anomaly_0356_.wav,0.00087414164
section_00_source_test_anomaly_0357_.wav,0.0010096681
section_00_source_test_anomaly_0358_.wav,0.0010064656
section_00_source_test_anomaly_0359_.wav,0.00092394155
section_00_source_test_anomaly_0360_.wav,0.0011172582
section_00_source_test_anomaly_0361_.wav,0.0011874423
section_00_source_test_anomaly_0362_.wav,0.00073133135
section_00_source_test_anomaly_0363_.wav,0.0008194483
section_00_source_test_anomaly_0364_.wav,0.00083995826
section_00_source_test_anomaly_0365_.wav,0.0011562821
section_00_source_test_anomaly_0366_.wav,0.001230607
section_00_source_test_anomaly_0367_.wav,0.0007981758
section_00_source_test_anomaly_0368_.wav,0.0010299324
section_00_source_test_anomaly_0369_.wav,0.00095262035
section_00_source_test_anomaly_0370_.wav,0.00078888267
section_00_source_test_anomaly_0371_.wav,0.00089250546
section_00_source_test_anomaly_0372_.wav,0.00089286215
section_00_source_test_anomaly_0373_.wav,0.00081744033
section_00_source_test_anomaly_0374_.wav,0.0011134959
section_00_source_test_anomaly_0375_.wav,0.0012562629
section_00_source_test_anomaly_0376_.wav,0.0008659477
section_00_source_test_anomaly_0377_.wav,0.00097283855
section_00_source_test_anomaly_0378_.wav,0.0008368322
section_00_source_test_anomaly_0379_.wav,0.00078498793
section_00_source_test_anomaly_0380_.wav,0.00078457047
section_00_source_test_anomaly_0381_.wav,0.00071706506
section_00_source_test_anomaly_0382_.wav,0.00084852957
section_00_source_test_anomaly_0383_.wav,0.0012452556
section_00_source_test_anomaly_0384_.wav,0.0012584848
section_00_source_test_anomaly_0385_.wav,0.0011776737
section_00_source_test_anomaly_0386_.wav,0.0011653956
section_00_source_test_anomaly_0387_.wav,0.0008003195
section_00_source_test_anomaly_0388_.wav,0.0012169604
section_00_source_test_anomaly_0389_.wav,0.00074888277
section_00_source_test_anomaly_0390_.wav,0.0009961365
section_00_source_test_anomaly_0391_.wav,0.0008160324
section_00_source_test_anomaly_0392_.wav,0.0010547685
section_00_source_test_anomaly_0393_.wav,0.0012642015
section_00_source_test_anomaly_0394_.wav,0.00096498826
section_00_source_test_anomaly_0395_.wav,0.0012707122
section_00_source_test_anomaly_0396_.wav,0.00080787815
section_00_source_test_anomaly_0397_.wav,0.0013658106
section_00_source_test_anomaly_0398_.wav,0.00070228067
section_00_source_test_anomaly_0399_.wav,0.0011225124
section_00_source_test_anomaly_0400_.wav,0.0013328118
section_00_source_test_anomaly_0401_.wav,0.0008228925
section_00_source_test_anomaly_0402_.wav,0.000699429
section_00_source_test_anomaly_0403_.wav,0.0008868252
section_00_source_test_anomaly_0404_.wav,0.0009217967
section_00_source_test_anomaly_0405_.wav,0.0011590502
section_00_source_test_anomaly_0406_.wav,0.00096870837
section_00_source_test_anomaly_0407_.wav,0.0010133059
section_00_source_test_anomaly_0408_.wav,0.000895795
section_00_source_test_anomaly_0409_.wav,0.0012159304
section_00_source_test_anomaly_0410_.wav,0.0012042219
section_00_source_test_anomaly_0411_.wav,0.0011418978
section_00_source_test_anomaly_0412_.wav,0.0012977283
section_00_source_test_anomaly_0413_.wav,0.0012216201
section_00_source_test_anomaly_0414_.wav,0.0012155519
section_00_source_test_anomaly_0415_.wav,0.0008704153
section_00_source_test_anomaly_0416_.wav,0.0013447291
section_00_source_test_anomaly_0417_.wav,0.0010459325
section_00_source_test_anomaly_0418_.wav,0.0011717416
section_00_source_test_anomaly_0419_.wav,0.0011420944
section_00_source_test_anomaly_0420_.wav,0.00090014964
section_00_source_test_anomaly_0421_.wav,0.0008505822
section_00_source_test_anomaly_0422_.wav,0.0008500744
section_00_source_test_anomaly_0423_.wav,0.00079145306
section_00_source_test_anomaly_0424_.wav,0.0008695784
section_00_source_test_anomaly_0425_.wav,0.0007577412
section_00_source_test_anomaly_0426_.wav,0.0009705414
section_00_source_test_anomaly_0427_.wav,0.0010668267
section_00_source_test_anomaly_0428_.wav,0.0012161501
section_00_source_test_anomaly_0429_.wav,0.0007595122
section_00_source_test_anomaly_0430_.wav,0.0010993566
section_00_source_test_anomaly_0431_.wav,0.0010983596
section_00_source_test_anomaly_0432_.wav,0.0007577471
section_00_source_test_anomaly_0433_.wav,0.00092955
section_00_source_test_anomaly_0434_.wav,0.0007268123
section_00_source_test_anomaly_0435_.wav,0.00071763963
section_00_source_test_anomaly_0436_.wav,0.0010039129
section_00_source_test_anomaly_0437_.wav,0.000876653
section_00_source_test_anomaly_0438_.wav,0.0007610787
section_00_source_test_anomaly_0439_.wav,0.0010078889
section_00_source_test_anomaly_0440_.wav,0.0007671329
section_00_source_test_anomaly_0441_.wav,0.0008610574
section_00_source_test_anomaly_0442_.wav,0.001309988
section_00_source_test_anomaly_0443_.wav,0.001145334
section_00_source_test_anomaly_0444_.wav,0.0009349533
section_00_source_test_anomaly_0445_.wav,0.0008087126
section_00_source_test_anomaly_0446_.wav,0.0007703638
section_00_source_test_anomaly_0447_.wav,0.0007306444
section_00_source_test_anomaly_0448_.wav,0.00085647183
section_00_source_test_anomaly_0449_.wav,0.001270165
section_00_source_test_anomaly_0450_.wav,0.0007235266
section_00_source_test_anomaly_0451_.wav,0.0007940833
section_00_source_test_anomaly_0452_.wav,0.00079226936
section_00_source_test_anomaly_0453_.wav,0.0010030759
section_00_source_test_anomaly_0454_.wav,0.0012561451
section_00_source_test_anomaly_0455_.wav,0.0009466424
section_00_source_test_anomaly_0456_.wav,0.0008012134
section_00_source_test_anomaly_0457_.wav,0.00087493536
section_00_source_test_anomaly_0458_.wav,0.00087579177
section_00_source_test_anomaly_0459_.wav,0.0009701828
section_00_source_test_anomaly_0460_.wav,0.00088194973
section_00_source_test_anomaly_0461_.wav,0.0008545604
section_00_source_test_anomaly_0462_.wav,0.000977281
section_00_source_test_anomaly_0463_.wav,0.001018564
section_00_source_test_anomaly_0464_.wav,0.0010943749
section_00_source_test_anomaly_0465_.wav,0.00087356765
section_00_source_test_anomaly_0466_.wav,0.0010172317
section_00_source_test_anomaly_0467_.wav,0.0008541648
section_00_source_test_anomaly_0468_.wav,0.0009788006
section_00_source_test_anomaly_0469_.wav,0.00080969813
section_00_source_test_anomaly_0470_.wav,0.00083390664
section_00_source_test_anomaly_0471_.wav,0.00093317044
section_00_source_test_anomaly_0472_.wav,0.0011251295
section_00_source_test_anomaly_0473_.wav,0.0009116823
section_00_source_test_anomaly_0474_.wav,0.0010121842
section_00_source_test_anomaly_0475_.wav,0.0009549296
section_00_source_test_anomaly_0476_.wav,0.00083797745
section_00_source_test_anomaly_0477_.wav,0.0010234202
section_00_source_test_anomaly_0478_.wav,0.0009436899
section_00_source_test_anomaly_0479_.wav,0.00095996965
section_00_source_test_anomaly_0480_.wav,0.0008591127
section_00_source_test_anomaly_0481_.wav,0.0008860354
section_00_source_test_anomaly_0482_.wav,0.0009552553
section_00_source_test_anomaly_0483_.wav,0.000814914
section_00_source_test_anomaly_0484_.wav,0.0009589871
section_00_source_test_anomaly_0485_.wav,0.0008929473
section_00_source_test_anomaly_0486_.wav,0.0010565835
section_00_source_test_anomaly_0487_.wav,0.0008952214
section_00_source_test_anomaly_0488_.wav,0.00092313
section_00_source_test_anomaly_0489_.wav,0.0010273266
section_00_source_test_anomaly_0490_.wav,0.00085297716
section_00_source_test_anomaly_0491_.wav,0.00097233494
section_00_source_test_anomaly_0492_.wav,0.0009091238
section_00_source_test_anomaly_0493_.wav,0.00090102997
section_00_source_test_anomaly_0494_.wav,0.00090163946
section_00_source_test_anomaly_0495_.wav,0.0011884001
section_00_source_test_anomaly_0496_.wav,0.0007903225
section_00_source_test_anomaly_0497_.wav,0.00082637026
section_00_source_test_anomaly_0498_.wav,0.0010891401
section_00_source_test_anomaly_0499_.wav,0.00078332284
section_00_source_test_anomaly_0500_.wav,0.0009315014
section_00_source_test_anomaly_0501_.wav,0.0010190498
section_00_source_test_anomaly_0502_.wav,0.0008293494
section_00_source_test_anomaly_0503_.wav,0.00089943595
section_00_source_test_anomaly_0504_.wav,0.00079066283
section_00_source_test_anomaly_0505_.wav,0.0010726734
section_00_source_test_anomaly_0506_.wav,0.00090309046
section_00_source_test_anomaly_0507_.wav,0.001067257
section_00_source_test_anomaly_0508_.wav,0.001115854
section_00_source_test_anomaly_0509_.wav,0.0010695385
section_00_source_test_anomaly_0510_.wav,0.0011184184
section_00_source_test_anomaly_0511_.wav,0.0009200227
section_00_source_test_anomaly_0512_.wav,0.0011366073
section_00_source_test_anomaly_0513_.wav,0.00095236074
section_00_source_test_anomaly_0514_.wav,0.00080752437
section_00_source_test_anomaly_0515_.wav,0.000857102
section_00_source_test_anomaly_0516_.wav,0.0008945095
section_00_source_test_anomaly_0517_.wav,0.00081741856
section_00_source_test_anomaly_0518_.wav,0.0007929373
section_00_source_test_anomaly_0519_.wav,0.001031069
section_00_source_test_anomaly_0520_.wav,0.0009875011
section_00_source_test_anomaly_0521_.wav,0.0010444139
section_00_source_test_anomaly_0522_.wav,0.0011534367
section_00_source_test_anomaly_0523_.wav,0.00093575806
section_00_source_test_anomaly_0524_.wav,0.0008344344
section_00_source_test_anomaly_0525_.wav,0.0014327969
section_00_source_test_anomaly_0526_.wav,0.00095211447
section_00_source_test_anomaly_0527_.wav,0.0009969915
section_00_source_test_anomaly_0528_.wav,0.0012232525
section_00_source_test_anomaly_0529_.wav,0.00086241285
section_00_source_test_anomaly_0530_.wav,0.00092374283
section_00_source_test_anomaly_0531_.wav,0.00093172543
section_00_source_test_anomaly_0532_.wav,0.0008282401
section_00_source_test_anomaly_0533_.wav,0.00089065905
section_00_source_test_anomaly_0534_.wav,0.0008471793
section_00_source_test_anomaly_0535_.wav,0.0009693404
section_00_source_test_anomaly_0536_.wav,0.0007917934
section_00_source_test_anomaly_0537_.wav,0.00122703
section_00_source_test_anomaly_0538_.wav,0.0010992476
section_00_source_test_anomaly_0539_.wav,0.0011772226
section_00_source_test_anomaly_0540_.wav,0.00078727235
section_00_source_test_anomaly_0541_.wav,0.0012090001
section_00_source_test_anomaly_0542_.wav,0.00088104885
section_00_source_test_anomaly_0543_.wav,0.0009633171
section_00_source_test_anomaly_0544_.wav,0.0007947159
section_00_source_test_anomaly_0545_.wav,0.0010688081
section_00_source_test_anomaly_0546_.wav,0.0010563924
section_00_source_test_anomaly_0547_.wav,0.0008518511
section_00_source_test_anomaly_0548_.wav,0.00097605545
section_00_source_test_anomaly_0549_.wav,0.00094699394
section_00_source_test_anomaly_0550_.wav,0.0010961645
section_00_source_test_anomaly_0551_.wav,0.0010558735
section_00_source_test_anomaly_0552_.wav,0.0009877294
section_00_source_test_anomaly_0553_.wav,0.00080956373
section_00_source_test_anomaly_0554_.wav,0.0008311548
section_00_source_test_anomaly_0555_.wav,0.0010277473
section_00_source_test_anomaly_0556_.wav,0.0011464099
section_00_source_test_anomaly_0557_.wav,0.0012823937
section_00_source_test_anomaly_0558_.wav,0.00097245775
section_00_source_test_anomaly_0559_.wav,0.00086562533
section_00_source_test_anomaly_0560_.wav,0.0009217664
section_00_source_test_anomaly_0561_.wav,0.00084221567
section_00_source_test_anomaly_0562_.wav,0.0007385551
section_00_source_test_anomaly_0563_.wav,0.0009411773
section_00_source_test_anomaly_0564_.wav,0.0009071256
section_00_source_test_anomaly_0565_.wav,0.00090765953
section_00_source_test_anomaly_0566_.wav,0.00077213306
section_00_source_test_anomaly_0567_.wav,0.00092258386
section_00_source_test_anomaly_0568_.wav,0.0008779365
section_00_source_test_anomaly_0569_.wav,0.0011448978
section_00_source_test_anomaly_0570_.wav,0.0007893295
section_00_source_test_anomaly_0571_.wav,0.0007790627
section_00_source_test_anomaly_0572_.wav,0.00082827854
section_00_source_test_anomaly_0573_.wav,0.0008341331
section_00_source_test_anomaly_0574_.wav,0.0008523895
section_00_source_test_anomaly_0575_.wav,0.0010980587
section_00_source_test_anomaly_0576_.wav,0.0008815113
section_00_source_test_anomaly_0577_.wav,0.00093547173
section_00_source_test_anomaly_0578_.wav,0.0009100491
section_00_source_test_anomaly_0579_.wav,0.0009979032
section_00_source_test_anomaly_0580_.wav,0.0008376935
section_00_source_test_anomaly_0581_.wav,0.0008789535
section_00_source_test_anomaly_0582_.wav,0.0009037928
section_00_source_test_anomaly_0583_.wav,0.0008395335
section_00_source_test_anomaly_0584_.wav,0.0008077735
section_00_source_test_anomaly_0585_.wav,0.0010052769
section_00_source_test_anomaly_0586_.wav,0.0008692973
section_00_source_test_anomaly_0587_.wav,0.0007776152
section_00_source_test_anomaly_0588_.wav,0.0009704006
section_00_source_test_anomaly_0589_.wav,0.0008797119
section_00_source_test_anomaly_0590_.wav,0.0007670205
section_00_source_test_anomaly_0591_.wav,0.0008875891
section_00_source_test_anomaly_0592_.wav,0.00088363583
section_00_source_test_anomaly_0593_.wav,0.0007775894
section_00_source_test_anomaly_0594_.wav,0.0008795874
section_00_source_test_anomaly_0595_.wav,0.000866306
section_00_source_test_anomaly_0596_.wav,0.0009011206
section_00_source_test_anomaly_0597_.wav,0.0009341157
section_00_source_test_anomaly_0598_.wav,0.00076692866
section_00_source_test_anomaly_0599_.wav,0.0008143864
section_00_source_test_anomaly_0600_.wav,0.000798039
section_00_source_test_anomaly_0601_.wav,0.0008981058
section_00_source_test_anomaly_0602_.wav,0.000895417
section_00_source_test_anomaly_0603_.wav,0.00078531937
section_00_source_test_anomaly_0604_.wav,0.00088744075
section_00_source_test_anomaly_0605_.wav,0.0007605277
section_00_source_test_anomaly_0606_.wav,0.0010993609
section_00_source_test_anomaly_0607_.wav,0.00079595065
section_00_source_test_anomaly_0608_.wav,0.00093613035
section_00_source_test_anomaly_0609_.wav,0.0008985508
section_00_source_test_anomaly_0610_.wav,0.0009286925
section_00_source_test_anomaly_0611_.wav,0.00090314756
section_00_source_test_anomaly_0612_.wav,0.0010168838
section_00_source_test_anomaly_0613_.wav,0.0011779236
section_00_source_test_anomaly_0614_.wav,0.0009463287
section_00_source_test_anomaly_0615_.wav,0.00080477673
section_00_source_test_anomaly_0616_.wav,0.00078820187
section_00_source_test_anomaly_0617_.wav,0.00076019746
section_00_source_test_anomaly_0618_.wav,0.0008829836
section_00_source_test_anomaly_0619_.wav,0.0009893919
section_00_source_test_anomaly_0620_.wav,0.0012763193
section_00_source_test_anomaly_0621_.wav,0.00084093784
section_00_source_test_anomaly_0622_.wav,0.0010862721
section_00_source_test_anomaly_0623_.wav,0.0008991701
section_00_source_test_anomaly_0624_.wav,0.0008238384
section_00_source_test_anomaly_0625_.wav,0.00091606256
section_00_source_test_anomaly_0626_.wav,0.000849542
section_00_source_test_anomaly_0627_.wav,0.0009271762
section_00_source_test_anomaly_0628_.wav,0.00085102615
section_00_source_test_anomaly_0629_.wav,0.000876361
section_00_source_test_anomaly_0630_.wav,0.0009026836
section_00_source_test_anomaly_0631_.wav,0.00079823256
section_00_source_test_anomaly_0632_.wav,0.00080533285
section_00_source_test_anomaly_0633_.wav,0.00093910296
section_00_source_test_anomaly_0634_.wav,0.0007939413
section_00_source_test_anomaly_0635_.wav,0.0007821138
section_00_source_test_anomaly_0636_.wav,0.0009466012
section_00_source_test_anomaly_0637_.wav,0.0008546533
section_00_source_test_anomaly_0638_.wav,0.00094642676
section_00_source_test_anomaly_0639_.wav,0.00097051606
section_00_source_test_anomaly_0640_.wav,0.0007965993
section_00_source_test_anomaly_0641_.wav,0.0012073838
section_00_source_test_anomaly_0642_.wav,0.00074616325
section_00_source_test_anomaly_0643_.wav,0.0010227109
section_00_source_test_anomaly_0644_.wav,0.0010391182
section_00_source_test_anomaly_0645_.wav,0.00074836705
section_00_source_test_anomaly_0646_.wav,0.00082836975
section_00_source_test_anomaly_0647_.wav,0.00082545984
section_00_source_test_anomaly_0648_.wav,0.0008661454
section_00_source_test_anomaly_0649_.wav,0.0014297675
section_00_source_test_anomaly_0650_.wav,0.00095427514
section_00_source_test_anomaly_0651_.wav,0.0008579645
section_00_source_test_anomaly_0652_.wav,0.0007624461
section_00_source_test_anomaly_0653_.wav,0.0010768563
section_00_source_test_anomaly_0654_.wav,0.0007579245
section_00_source_test_anomaly_0655_.wav,0.000910439
section_00_source_test_anomaly_0656_.wav,0.0008836671
section_00_source_test_anomaly_0657_.wav,0.0009776308
section_00_source_test_anomaly_0658_.wav,0.0009106532
section_00_source_test_anomaly_0659_.wav,0.00095520564
section_00_source_test_anomaly_0660_.wav,0.0007596917
section_00_source_test_anomaly_0661_.wav,0.0009679491
section_00_source_test_anomaly_0662_.wav,0.00087585486
section_00_source_test_anomaly_0663_.wav,0.00088750094
section_00_source_test_anomaly_0664_.wav,0.00097626983
section_00_source_test_anomaly_0665_.wav,0.00077080633
section_00_source_test_anomaly_0666_.wav,0.0008565859
section_00_source_test_anomaly_0667_.wav,0.0007757451
section_00_source_test_anomaly_0668_.wav,0.00073359895
section_00_source_test_anomaly_0669_.wav,0.0007817158
section_00_source_test_anomaly_0670_.wav,0.000818765
section_00_source_test_anomaly_0671_.wav,0.0007540037
section_00_source_test_anomaly_0672_.wav,0.00092001364
section_00_source_test_anomaly_0673_.wav,0.0007398905
section_00_source_test_anomaly_0674_.wav,0.0007783242
section_00_source_test_anomaly_0675_.wav,0.00080921303
section_00_source_test_anomaly_0676_.wav,0.0007651359
section_00_source_test_anomaly_0677_.wav,0.00092596706
section_00_source_test_anomaly_0678_.wav,0.00084916834
section_00_source_test_anomaly_0679_.wav,0.00080108125
section_00_source_test_anomaly_0680_.wav,0.00084530306
section_00_source_test_anomaly_0681_.wav,0.0008735022
section_00_source_test_anomaly_0682_.wav,0.0007813325
section_00_source_test_anomaly_0683_.wav,0.00084971596
section_00_source_test_anomaly_0684_.wav,0.00085830386
section_00_source_test_anomaly_0685_.wav,0.00077534997
section_00_source_test_anomaly_0686_.wav,0.0008816051
section_00_source_test_anomaly_0687_.wav,0.00087696913
section_00_source_test_anomaly_0688_.wav,0.0008597386
section_00_source_test_anomaly_0689_.wav,0.0008032415
section_00_source_test_anomaly_0690_.wav,0.0007514424
section_00_source_test_anomaly_0691_.wav,0.0008567503
section_00_source_test_anomaly_0692_.wav,0.00077241514
section_00_source_test_anomaly_0693_.wav,0.0008991335
section_00_source_test_anomaly_0694_.wav,0.000912663
section_00_source_test_anomaly_0695_.wav,0.0008609952
section_00_source_test_anomaly_0696_.wav,0.0007718011
section_00_source_test_anomaly_0697_.wav,0.0008668753
section_00_source_test_anomaly_0698_.wav,0.0008826164
section_00_source_test_anomaly_0699_.wav,0.0010575216
section_00_source_test_anomaly_0700_.wav,0.00092868
section_00_source_test_anomaly_0701_.wav,0.00078502874
section_00_source_test_anomaly_0702_.wav,0.0008555104
section_00_source_test_anomaly_0703_.wav,0.0007920575
section_00_source_test_anomaly_0704_.wav,0.00086107757
section_00_source_test_anomaly_0705_.wav,0.0008621797
section_00_source_test_anomaly_0706_.wav,0.0010916385
section_00_source_test_anomaly_0707_.wav,0.0008714411
section_00_source_test_anomaly_0708_.wav,0.00092729524
section_00_source_test_anomaly_0709_.wav,0.000890785
section_00_source_test_anomaly_0710_.wav,0.0007365035
section_00_source_test_anomaly_0711_.wav,0.0008793527
section_00_source_test_anomaly_0712_.wav,0.0007934255
section_00_source_test_anomaly_0713_.wav,0.0008063581
section_00_source_test_anomaly_0714_.wav,0.00074255216
section_00_source_test_anomaly_0715_.wav,0.0009586695
section_00_source_test_anomaly_0716_.wav,0.0008862189
section_00_source_test_anomaly_0717_.wav,0.00069896557
section_00_source_test_anomaly_0718_.wav,0.0007568534
section_00_source_test_anomaly_0719_.wav,0.0009145947
section_00_source_test_anomaly_0720_.wav,0.0007626631
section_00_source_test_anomaly_0721_.wav,0.00085804873
section_00_source_test_anomaly_0722_.wav,0.00094812206
section_00_source_test_anomaly_0723_.wav,0.0007310545
section_00_source_test_anomaly_0724_.wav,0.0007239045
section_00_source_test_anomaly_0725_.wav,0.00076874584
section_00_source_test_anomaly_0726_.wav,0.00076406146
section_00_source_test_anomaly_0727_.wav,0.0008304453
section_00_source_test_anomaly_0728_.wav,0.0009274134
section_00_source_test_anomaly_0729_.wav,0.00076009636
section_00_source_test_anomaly_0730_.wav,0.0007479747
section_00_source_test_anomaly_0731_.wav,0.00079101045
section_00_source_test_anomaly_0732_.wav,0.00086606736
section_00_source_test_anomaly_0733_.wav,0.0009175748
section_00_source_test_anomaly_0734_.wav,0.00092527666
section_00_source_test_anomaly_0735_.wav,0.0008786668
section_00_source_test_anomaly_0736_.wav,0.0010040777
section_00_source_test_anomaly_0737_.wav,0.00073650526
section_00_source_test_anomaly_0738_.wav,0.0007841729
section_00_source_test_anomaly_0739_.wav,0.0007565486
section_00_source_test_anomaly_0740_.wav,0.00079913856
section_00_source_test_anomaly_0741_.wav,0.0008259132
section_00_source_test_anomaly_0742_.wav,0.00086041307
section_00_source_test_anomaly_0743_.wav,0.00081171637
section_00_source_test_anomaly_0744_.wav,0.0012015007
section_00_source_test_anomaly_0745_.wav,0.0008749314
section_00_source_test_anomaly_0746_.wav,0.0007662932
section_00_source_test_anomaly_0747_.wav,0.000895592
section_00_source_test_anomaly_0748_.wav,0.0008432891
section_00_source_test_anomaly_0749_.wav,0.001019012
section_00_source_test_anomaly_0750_.wav,0.00078019797
section_00_source_test_anomaly_0751_.wav,0.00089065067
section_00_source_test_anomaly_0752_.wav,0.00091570406
section_00_source_test_anomaly_0753_.wav,0.0009099713
section_00_source_test_anomaly_0754_.wav,0.0010912855
section_00_source_test_anomaly_0755_.wav,0.0009157788
section_00_source_test_anomaly_0756_.wav,0.00078462437
section_00_source_test_anomaly_0757_.wav,0.0009100843
section_00_source_test_anomaly_0758_.wav,0.00075839035
section_00_source_test_anomaly_0759_.wav,0.0010798655
section_00_source_test_anomaly_0760_.wav,0.0007836884
section_00_source_test_anomaly_0761_.wav,0.00082589954
section_00_source_test_anomaly_0762_.wav,0.0009218659
section_00_source_test_anomaly_0763_.wav,0.0007076254
section_00_source_test_anomaly_0764_.wav,0.00075170124
section_00_source_test_anomaly_0765_.wav,0.0008276694
section_00_source_test_anomaly_0766_.wav,0.00070002605
section_00_source_test_anomaly_0767_.wav,0.0009931457
section_00_source_test_anomaly_0768_.wav,0.00071336195
section_00_source_test_anomaly_0769_.wav,0.00088698935
section_00_source_test_anomaly_0770_.wav,0.00072370534
section_00_source_test_anomaly_0771_.wav,0.0009042776
section_00_source_test_anomaly_0772_.wav,0.0007378471
section_00_source_test_anomaly_0773_.wav,0.0009031031
section_00_source_test_anomaly_0774_.wav,0.00086585555
section_00_source_test_anomaly_0775_.wav,0.0009390658
section_00_source_test_anomaly_0776_.wav,0.0007213002
section_00_source_test_anomaly_0777_.wav,0.000721664
section_00_source_test_anomaly_0778_.wav,0.00092219666
section_00_source_test_anomaly_0779_.wav,0.00091201346
section_00_source_test_anomaly_0780_.wav,0.00079039455
section_00_source_test_anomaly_0781_.wav,0.0009532786
section_00_source_test_anomaly_0782_.wav,0.000774664
section_00_source_test_anomaly_0783_.wav,0.0009212469
section_00_source_test_anomaly_0784_.wav,0.0009758994
section_00_source_test_anomaly_0785_.wav,0.00076731265
section_00_source_test_anomaly_0786_.wav,0.0012086044
section_00_source_test_anomaly_0787_.wav,0.0008426463
section_00_source_test_anomaly_0788_.wav,0.00069359096
section_00_source_test_anomaly_0789_.wav,0.0012640858
section_00_source_test_anomaly_0790_.wav,0.0007699603
section_00_source_test_anomaly_0791_.wav,0.0007461948
section_00_source_test_anomaly_0792_.wav,0.00087856967
section_00_source_test_anomaly_0793_.wav,0.0009612108
section_00_source_test_anomaly_0794_.wav,0.0009072247
section_00_source_test_anomaly_0795_.wav,0.0010788407
section_00_source_test_anomaly_0796_.wav,0.00094747066
section_00_source_test_anomaly_0797_.wav,0.00084174157
section_00_source_test_anomaly_0798_.wav,0.0007187607
section_00_source_test_anomaly_0799_.wav,0.00095375
section_00_source_test_anomaly_0800_.wav,0.0009996429
section_00_source_test_anomaly_0801_.wav,0.000895084
section_00_source_test_anomaly_0802_.wav,0.0011079446
section_00_source_test_anomaly_0803_.wav,0.00082494144
section_00_source_test_anomaly_0804_.wav,0.000917955
section_00_source_test_anomaly_0805_.wav,0.000727395
section_00_source_test_anomaly_0806_.wav,0.0009802496
section_00_source_test_anomaly_0807_.wav,0.00071036955
section_00_source_test_anomaly_0808_.wav,0.00087495917
section_00_source_test_anomaly_0809_.wav,0.0007370499
section_00_source_test_anomaly_0810_.wav,0.00088722754
section_00_source_test_anomaly_0811_.wav,0.0006969895
section_00_source_test_anomaly_0812_.wav,0.0012476438
section_00_source_test_anomaly_0813_.wav,0.0010114546
section_00_source_test_anomaly_0814_.wav,0.00083231356
section_00_source_test_anomaly_0815_.wav,0.0008265805
section_00_source_test_anomaly_0816_.wav,0.0007289478
section_00_source_test_anomaly_0817_.wav,0.0013411326
section_00_source_test_anomaly_0818_.wav,0.0007164383
section_00_source_test_anomaly_0819_.wav,0.00089100626
section_00_source_test_anomaly_0820_.wav,0.00075407204
section_00_source_test_anomaly_0821_.wav,0.0011460284
section_00_source_test_anomaly_0822_.wav,0.00081565825
section_00_source_test_anomaly_0823_.wav,0.00075283716
section_00_source_test_anomaly_0824_.wav,0.00090978644
section_00_source_test_anomaly_0825_.wav,0.0013298643
section_00_source_test_anomaly_0826_.wav,0.00086600985
section_00_source_test_anomaly_0827_.wav,0.00090250996
section_00_source_test_anomaly_0828_.wav,0.0013624186
section_00_source_test_anomaly_0829_.wav,0.0008782188
section_00_source_test_anomaly_0830_.wav,0.00096327945
section_00_source_test_anomaly_0831_.wav,0.00075330905
section_00_source_test_anomaly_0832_.wav,0.00073615235
section_00_source_test_anomaly_0833_.wav,0.00072014943
section_00_source_test_anomaly_0834_.wav,0.00082838495
section_00_source_test_anomaly_0835_.wav,0.0009464483
section_00_source_test_anomaly_0836_.wav,0.000896678
section_00_source_test_anomaly_0837_.wav,0.0007032668
section_00_source_test_anomaly_0838_.wav,0.0007718783
section_00_source_test_anomaly_0839_.wav,0.00076280604
section_00_source_test_anomaly_0840_.wav,0.0009392569
section_00_source_test_anomaly_0841_.wav,0.00083530735
section_00_source_test_anomaly_0842_.wav,0.00090725283
section_00_source_test_anomaly_0843_.wav,0.0008833564
section_00_source_test_anomaly_0844_.wav,0.0008689153
section_00_source_test_anomaly_0845_.wav,0.0009376
section_00_source_test_anomaly_0846_.wav,0.0007423735
section_00_source_test_anomaly_0847_.wav,0.00080190384
section_00_source_test_anomaly_0848_.wav,0.0010008053
section_00_source_test_anomaly_0849_.wav,0.0009334495
section_00_source_test_anomaly_0850_.wav,0.00082420296
section_00_source_test_anomaly_0851_.wav,0.0007258751
section_00_source_test_anomaly_0852_.wav,0.00082247145
section_00_source_test_anomaly_0853_.wav,0.0008518226
section_00_source_test_anomaly_0854_.wav,0.0009067277
section_00_source_test_anomaly_0855_.wav,0.0009969721
section_00_source_test_normal_0000_.wav,0.0011303029
section_00_source_test_normal_0001_.wav,0.0007860474
section_00_source_test_normal_0002_.wav,0.0009892752
section_00_source_test_normal_0003_.wav,0.0009996532
section_00_source_test_normal_0004_.wav,0.0009582173
section_00_source_test_normal_0005_.wav,0.000896181
section_00_source_test_normal_0006_.wav,0.00095879793
section_00_source_test_normal_0007_.wav,0.0007132932
section_00_source_test_normal_0008_.wav,0.00091974135
section_00_source_test_normal_0009_.wav,0.0008909858
section_00_source_test_normal_0010_.wav,0.0007636672
section_00_source_test_normal_0011_.wav,0.0008871547
section_00_source_test_normal_0012_.wav,0.00095993467
section_00_source_test_normal_0013_.wav,0.00072534184
section_00_source_test_normal_0014_.wav,0.00089381903
section_00_source_test_normal_0015_.wav,0.00072031433
section_00_source_test_normal_0016_.wav,0.0006965108
section_00_source_test_normal_0017_.wav,0.0007138256
section_00_source_test_normal_0018_.wav,0.0008897374
section_00_source_test_normal_0019_.wav,0.00070293737
section_00_source_test_normal_0020_.wav,0.0009822558
section_00_source_test_normal_0021_.wav,0.0007564479
section_00_source_test_normal_0022_.wav,0.00087450456
section_00_source_test_normal_0023_.wav,0.0009918013
section_00_source_test_normal_0024_.wav,0.0007365935
section_00_source_test_normal_0025_.wav,0.0009620332
section_00_source_test_normal_0026_.wav,0.0012214205
section_00_source_test_normal_0027_.wav,0.0007386189
section_00_source_test_normal_0028_.wav,0.0008123005
section_00_source_test_normal_0029_.wav,0.00088216853
section_00_source_test_normal_0030_.wav,0.0011370066
section_00_source_test_normal_0031_.wav,0.0008667347
section_00_source_test_normal_0032_.wav,0.00084798015
section_00_source_test_normal_0033_.wav,0.0007554504
section_00_source_test_normal_0034_.wav,0.00093713135
section_00_source_test_normal_0035_.wav,0.00085477706
section_00_source_test_normal_0036_.wav,0.00095820084
section_00_source_test_normal_0037_.wav,0.00073269015
section_00_source_test_normal_0038_.wav,0.0007801976
section_00_source_test_normal_0039_.wav,0.00079775485
section_00_source_test_normal_0040_.wav,0.0013837606
section_00_source_test_normal_0041_.wav,0.00088903867
section_00_source_test_normal_0042_.wav,0.0007703355
section_00_source_test_normal_0043_.wav,0.0009106441
section_00_source_test_normal_0044_.wav,0.00091823214
section_00_source_test_normal_0045_.wav,0.0010856763
section_00_source_test_normal_0046_.wav,0.0007337998
section_00_source_test_normal_0047_.wav,0.00070432393
section_00_source_test_normal_0048_.wav,0.000948991
section_00_source_test_normal_0049_.wav,0.00095177453
section_00_source_test_normal_0050_.wav,0.0013531749
section_00_source_test_normal_0051_.wav,0.0008161486
section_00_source_test_normal_0052_.wav,0.00090771646
section_00_source_test_normal_0053_.wav,0.00096129545
section_00_source_test_normal_0054_.wav,0.0008003878
section_00_source_test_normal_0055_.wav,0.0009280087
section_00_source_test_normal_0056_.wav,0.00091327436
section_00_source_test_normal_0057_.wav,0.0008824923
section_00_source_test_normal_0058_.wav,0.00071764836
section_00_source_test_normal_0059_.wav,0.0010134551
section_00_source_test_normal_0060_.wav,0.00079657283
section_00_source_test_normal_0061_.wav,0.00088944816
section_00_source_test_normal_0062_.wav,0.0008751928
section_00_source_test_normal_0063_.wav,0.0008651355
section_00_source_test_normal_0064_.wav,0.00084464
section_00_source_test_normal_0065_.wav,0.0008271194
section_00_source_test_normal_0066_.wav,0.0008519228
section_00_source_test_normal_0067_.wav,0.0007076141
section_00_source_test_normal_0068_.wav,0.0011081703
section_00_source_test_normal_0069_.wav,0.00087472994
section_00_source_test_normal_0070_.wav,0.000905652
section_00_source_test_normal_0071_.wav,0.00087994337
section_00_source_test_normal_0072_.wav,0.0007449861
section_00_source_test_normal_0073_.wav,0.00096717395
section_00_source_test_normal_0074_.wav,0.0007241673
section_00_source_test_normal_0075_.wav,0.00097004813
section_00_source_test_normal_0076_.wav,0.0009585948
section_00_source_test_normal_0077_.wav,0.00084658805
section_00_source_test_normal_0078_.wav,0.0008635174
section_00_source_test_normal_0079_.wav,0.0007714226
section_00_source_test_normal_0080_.wav,0.0007164006
section_00_source_test_normal_0081_.wav,0.00091670477
section_00_source_test_normal_0082_.wav,0.0008190487
section_00_source_test_normal_0083_.wav,0.00085272384
section_00_source_test_normal_0084_.wav,0.0007342651
section_00_source_test_normal_0085_.wav,0.0007185814
section_00_source_test_normal_0086_.wav,0.000885065
section_00_source_test_normal_0087_.wav,0.0007129357
section_00_source_test_normal_0088_.wav,0.00085011846
section_00_source_test_normal_0089_.wav,0.00090515363
section_00_source_test_normal_0090_.wav,0.00085354113
section_00_source_test_normal_0091_.wav,0.0009956209
section_00_source_test_normal_0092_.wav,0.0007349079
section_00_source_test_normal_0093_.wav,0.00078021176
section_00_source_test_normal_0094_.wav,0.0009227238
section_00_source_test_normal_0095_.wav,0.00093566417
section_00_source_test_normal_0096_.wav,0.00071947376
section_00_source_test_normal_0097_.wav,0.00092480745
section_00_source_test_normal_0098_.wav,0.0008414189
section_00_source_test_normal_0099_.wav,0.00082908344
section_00_source_test_normal_0100_.wav,0.0008806465
section_00_source_test_normal_0101_.wav,0.00073870976
section_00_source_test_normal_0102_.wav,0.0007652522
section_00_source_test_normal_0103_.wav,0.00078787026
section_00_source_test_normal_0104_.wav,0.00092122384
section_00_source_test_normal_0105_.wav,0.0009691477
section_00_source_test_normal_0106_.wav,0.0008684401
section_00_source_test_normal_0107_.wav,0.0007670442
section_00_source_test_normal_0108_.wav,0.0007306364
section_00_source_test_normal_0109_.wav,0.0007953705
section_00_source_test_normal_0110_.wav,0.0007503876
section_00_source_test_normal_0111_.wav,0.0010986198
section_00_source_test_normal_0112_.wav,0.0010145396
section_00_source_test_normal_0113_.wav,0.00074732536
section_00_source_test_normal_0114_.wav,0.0008497158
section_00_source_test_normal_0115_.wav,0.001037409
section_00_source_test_normal_0116_.wav,0.0009141194
section_00_source_test_normal_0117_.wav,0.0008875055
section_00_source_test_normal_0118_.wav,0.0007275874
section_00_source_test_normal_0119_.wav,0.00085365516
section_00_source_test_normal_0120_.wav,0.0007686527
section_00_source_test_normal_0121_.wav,0.00080534525
section_00_source_test_normal_0122_.wav,0.0009658378
section_00_source_test_normal_0123_.wav,0.00071073923
section_00_source_test_normal_0124_.wav,0.0010371987
section_00_source_test_normal_0125_.wav,0.000998026
section_00_source_test_normal_0126_.wav,0.00069846667
section_00_source_test_normal_0127_.wav,0.0007172699
section_00_source_test_normal_0128_.wav,0.0008395197
section_00_source_test_normal_0129_.wav,0.0011784693
section_00_source_test_normal_0130_.wav,0.0009245884
section_00_source_test_normal_0131_.wav,0.00097111374
section_00_source_test_normal_0132_.wav,0.00070879166
section_00_source_test_normal_0133_.wav,0.0016511938
section_00_source_test_normal_0134_.wav,0.0009008172
section_00_source_test_normal_0135_.wav,0.0008392152
section_00_source_test_normal_0136_.wav,0.0007446878
section_00_source_test_normal_0137_.wav,0.0009309426
section_00_source_test_normal_0138_.wav,0.0008852619
section_00_source_test_normal_0139_.wav,0.00077269255
section_00_source_test_normal_0140_.wav,0.0008116453
section_00_source_test_normal_0141_.wav,0.0009013852
section_00_source_test_normal_0142_.wav,0.00071951724
section_00_source_test_normal_0143_.wav,0.00080339244
section_00_source_test_normal_0144_.wav,0.000717724
section_00_source_test_normal_0145_.wav,0.00080562156
section_00_source_test_normal_0146_.wav,0.0013150962
section_00_source_test_normal_0147_.wav,0.00077714305
section_00_source_test_normal_0148_.wav,0.0007827483
section_00_source_test_normal_0149_.wav,0.0007147059
section_00_source_test_normal_0150_.wav,0.00073163
section_00_source_test_normal_0151_.wav,0.0006892991
section_00_source_test_normal_0152_.wav,0.0009926384
section_00_source_test_normal_0153_.wav,0.0007159265
section_00_source_test_normal_0154_.wav,0.00073773816
section_00_source_test_normal_0155_.wav,0.00081000454
section_00_source_test_normal_0156_.wav,0.0008785111
section_00_source_test_normal_0157_.wav,0.0008549455
section_00_source_test_normal_0158_.wav,0.0007196192
section_00_source_test_normal_0159_.wav,0.0009366996
section_00_source_test_normal_0160_.wav,0.0006935939
section_00_source_test_normal_0161_.wav,0.0008536328
section_00_source_test_normal_0162_.wav,0.00080949505
section_00_source_test_normal_0163_.wav,0.000784143
section_00_source_test_normal_0164_.wav,0.001008065
section_00_source_test_normal_0165_.wav,0.0008322961
section_00_source_test_normal_0166_.wav,0.000713272
section_00_source_test_normal_0167_.wav,0.0009202976
section_00_source_test_normal_0168_.wav,0.0007105766
section_00_source_test_normal_0169_.wav,0.0009822199
section_00_source_test_normal_0170_.wav,0.0008583253
section_00_source_test_normal_0171_.wav,0.001406412
section_00_source_test_normal_0172_.wav,0.00087645673
section_00_source_test_normal_0173_.wav,0.0007275942
section_00_source_test_normal_0174_.wav,0.0008168847
section_00_source_test_normal_0175_.wav,0.001155799
section_00_source_test_normal_0176_.wav,0.0007320837
section_00_source_test_normal_0177_.wav,0.0010202397
section_00_source_test_normal_0178_.wav,0.0010476434
section_00_source_test_normal_0179_.wav,0.00083505874
section_00_source_test_normal_0180_.wav,0.00073002785
section_00_source_test_normal_0181_.wav,0.00078747957
section_00_source_test_normal_0182_.wav,0.00086202775
section_00_source_test_normal_0183_.wav,0.0007355032
section_00_source_test_normal_0184_.wav,0.0010400241
section_00_source_test_normal_0185_.wav,0.0008617441
section_00_source_test_normal_0186_.wav,0.0007391927
section_00_source_test_normal_0187_.wav,0.00084966584
section_00_source_test_normal_0188_.wav,0.0008690723
section_00_source_test_normal_0189_.wav,0.00085766125
section_00_source_test_normal_0190_.wav,0.00074137864
section_00_source_test_normal_0191_.wav,0.0007213091
section_00_source_test_normal_0192_.wav,0.0007992742
section_00_source_test_normal_0193_.wav,0.000795589
section_00_source_test_normal_0194_.wav,0.00092495565
section_00_source_test_normal_0195_.wav,0.0007634399
section_00_source_test_normal_0196_.wav,0.0008592092
section_00_source_test_normal_0197_.wav,0.0007597501
section_00_source_test_normal_0198_.wav,0.0007515946
section_00_source_test_normal_0199_.wav,0.0007268772
